{"global_step": 18, "_timestamp": 1658804831.1082456, "charts/episodic_return-player0": 0.0, "charts/loss": 0.007885833270847797, "_runtime": 575, "_step": 18}