{"global_step": 1020, "_timestamp": 1658860428.0484838, "charts/episodic_return-player0": 0.004444444086402655, "charts/episodic_return-player1": -0.004444444086402655, "charts/loss": 0.015662390738725662, "charts/episode_steps": 299.0, "_runtime": 53596, "_step": 1020}